category,keyword
Home,foldable laundry basket
Electronics,rechargeable usb hub
Automotive,eco friendly jump starter
Office,travel planner
Pets,cat scratching post
Outdoors,lightweight camp stove
Beauty,eyelash curler
Home,security camera
Home,stainless steel humidifier
Fitness,mini fitness tracker
Kitchen,kitchen scale
Pets,foldable slow feeder bowl
Fashion,compact wallet
Home,heater
Electronics,car charger
Kitchen,usb c coffee grinder
Office,rechargeable notebook
Automotive,compact roof cargo bag
Office,mouse pad
Pets,solar pet nail clipper
Fitness,travel dumbbells
Beauty,lip gloss
Pets,dog raincoat
Fashion,lightweight belt
Beauty,pro face mask
Fitness,usb c dumbbells
Kitchen,pro blender
Fitness,smart resistance bands
Fashion,bluetooth sunglasses
Office,standing desk
Electronics,compact wireless speaker
Electronics,plus mouse
Beauty,compact facial steamer
Pets,lightweight dog raincoat
Baby,smart baby carrier
Home,rechargeable storage box
Beauty,portable serum
Outdoors,lightweight camping table
Fitness,smart smart scale
Fitness,lightweight smart scale
Outdoors,eco friendly camp stove
Fashion,smart ankle boots
Electronics,usb c camera tripod
Fashion,portable sling bag
Baby,led pacifier clip
Home,wireless desk organizer
Fitness,electric exercise bike
Office,smart pen set
Automotive,wireless car wash kit
Kitchen,microwave
Outdoors,usb c backpack
Fashion,wallet
Fashion,plus hat
Kitchen,stainless steel cast iron skillet
Fitness,pro smart scale
Home,solar candle warmer
Fitness,portable weight lifting belt
Baby,electric baby monitor
Automotive,waterproof trunk organizer
Kitchen,eco friendly milk frother
Fitness,wireless push up board
Fashion,rechargeable crossbody bag
Pets,smart dog bed
Fashion,bluetooth leggings
Office,eco friendly mechanical keyboard
Electronics,bluetooth camera tripod
Kitchen,stainless steel storage jars
Automotive,pro dash cam
Automotive,bluetooth car air freshener
Beauty,plus retinol serum
Fitness,portable water bottle
Baby,mini diaper bag
Kitchen,bluetooth coffee grinder
Home,plus security camera
Electronics,waterproof charger
Office,monitor stand
Fashion,usb c joggers
Pets,pet camera
Fashion,electric jewelry box
Automotive,wireless windshield cover
Baby,high capacity baby carrier
Beauty,travel dermaplaning tool
Office,usb c standing desk
Electronics,wireless power bank
Home,plus wall shelf
Office,compact planner
Fashion,rechargeable wallet
Fitness,kettlebell
Kitchen,portable electric kettle
Automotive,lightweight roof cargo bag
Outdoors,tent
Electronics,waterproof capture card
Kitchen,eco friendly waffle maker
Office,rechargeable printer
Fitness,lightweight jump rope
Home,eco friendly air purifier
Kitchen,electric panini press
Kitchen,waffle maker
Home,pro fan
Home,travel throw pillow
Home,rechargeable cordless drill
Electronics,foldable power bank
Kitchen,high capacity milk frother
Kitchen,eco friendly cookware set
Home,portable air purifier
Electronics,plus webcam
Outdoors,camp stove
Automotive,travel car trash can
Beauty,foldable lip gloss
Outdoors,portable fan
Kitchen,smart electric kettle
Automotive,plus windshield cover
Beauty,solar eyelash curler
Outdoors,stainless steel cooler bag
Electronics,microphone
Baby,high capacity stroller
Outdoors,high capacity bug zapper
Fashion,bracelet
Kitchen,wireless food processor
Kitchen,usb c microwave
Electronics,solar tablet stand
Fitness,pro water bottle
Fitness,jump rope
Fitness,usb c resistance bands
Pets,pro litter box
Office,pro ergonomic chair
Electronics,lightweight tablet stand
Fitness,compact weight lifting belt
Home,wireless smart plug
Fashion,bluetooth beanie
Home,bluetooth mirror
Fitness,usb c pull up bar
Office,plus monitor stand
Office,rechargeable cable organizer
Baby,usb c teething toy
Beauty,stainless steel makeup brush set
Beauty,pro nail drill
Kitchen,foldable dish rack
Outdoors,solar camping lantern
Pets,led dog car seat
Automotive,mini car seat cover
Beauty,rechargeable lip gloss
Beauty,wireless dermaplaning tool
Automotive,wireless trunk organizer
Automotive,pro car wash kit
Beauty,stainless steel face mask
Kitchen,travel kitchen scale
Kitchen,storage jars
Automotive,bluetooth roof cargo bag
Kitchen,high capacity blender
Fitness,eco friendly rowing machine
Kitchen,high capacity knife set
Beauty,usb c scalp massager
Pets,dog leash
Automotive,car air freshener
Outdoors,usb c cooler bag
Electronics,bluetooth earbuds
Office,eco friendly cable organizer
Office,mechanical keyboard
Automotive,pro car seat cover
Office,plus mechanical keyboard
Automotive,windshield cover
Beauty,plus lip gloss
Electronics,camera tripod
Pets,cat tree
Office,bluetooth pen set
Fitness,dumbbells
Fashion,thermal socks
Baby,bluetooth crib mobile
Automotive,dash cam
Automotive,usb c sun shade
Pets,foldable cat tree
Kitchen,smart cast iron skillet
Beauty,portable vitamin c serum
Kitchen,compact immersion blender
Office,solar notebook
Automotive,wireless jump starter
Fitness,plus resistance bands
Kitchen,high capacity cookware set
Automotive,solar steering wheel cover
Beauty,foldable facial roller
Beauty,foldable vitamin c serum
Beauty,stainless steel facial roller
Fashion,bluetooth belt
Automotive,eco friendly car seat cover
Pets,compact dog collar
Baby,smart stroller
Fitness,rechargeable dumbbells
Outdoors,sleeping bag
Home,travel robot vacuum
Baby,baby bath seat
Electronics,mini car charger
Home,solar laser level
Fitness,stainless steel foam roller
Home,bluetooth air purifier
Outdoors,picnic blanket
Outdoors,travel camping lantern
Kitchen,air fryer
Kitchen,portable cutting board
Office,compact ergonomic chair
Automotive,led steering wheel cover
Electronics,rechargeable hdmi cable
Kitchen,led waffle maker
Fashion,high capacity ring
Fashion,stainless steel jewelry box
Kitchen,pro food processor
Fashion,puffer jacket
Kitchen,foldable knife set
Automotive,led dash cam
Pets,usb c litter box
Beauty,stainless steel vitamin c serum
Pets,high capacity automatic feeder
Home,robot vacuum
Beauty,electric electric toothbrush
Outdoors,cooler bag
Kitchen,wireless knife set
Kitchen,mini electric lunch box
Baby,eco friendly play mat
Pets,compact dog car seat
Fitness,led treadmill
Beauty,eco friendly dermaplaning tool
Fashion,led beanie
Pets,rechargeable cat scratching post
Office,high capacity mechanical keyboard
Fitness,massage gun
Pets,dog bed
Fitness,smart weight lifting belt
Pets,electric slow feeder bowl
Beauty,face mask
Beauty,led dermaplaning tool
Outdoors,bluetooth bug zapper
Office,file cabinet
Kitchen,immersion blender
Outdoors,electric folding chair
Automotive,eco friendly steering wheel cover
Pets,lightweight dog leash
Kitchen,solar pressure cooker
Kitchen,usb c storage jars
Fitness,wireless protein shaker
Home,stainless steel wall shelf
Beauty,bluetooth hair dryer
Pets,rechargeable pet grooming kit
Kitchen,wireless pressure cooker
Pets,portable pet stroller
Fashion,waterproof ring
Electronics,headphones
Home,usb c security camera
Office,plus standing desk
Electronics,travel keyboard
Home,portable storage box
Fitness,treadmill
Automotive,travel dash cam
Office,rechargeable desk lamp
Fashion,portable ring
Outdoors,eco friendly camping table
Outdoors,stainless steel bug zapper
Fitness,wireless jump rope
Automotive,wireless car trash can
Fashion,ankle boots
Automotive,car seat cover
Automotive,mini car trash can
Kitchen,coffee grinder
Beauty,facial steamer
Home,stainless steel lamp
Automotive,usb c car trash can
Kitchen,usb c pressure cooker
Fashion,sneakers
Automotive,waterproof sun shade
Fashion,high capacity wallet
Baby,portable teething toy
Fashion,lightweight bracelet
Fashion,wireless belt
Automotive,wireless phone mount
Home,mini security camera
Outdoors,waterproof portable fan
Automotive,pro led car lights
Electronics,plus earbuds
Baby,wireless baby monitor
Automotive,led car lights
Automotive,high capacity car trash can
Fashion,waterproof hat
Electronics,usb c wireless speaker
Fitness,led ab roller
Baby,electric baby food maker
Fashion,wireless beanie
Beauty,waterproof curling iron
Beauty,electric vitamin c serum
Beauty,mini electric toothbrush
Outdoors,mini hiking boots
Fitness,resistance bands
Beauty,scalp massager
Beauty,curling iron
Electronics,electric mouse
Pets,bluetooth litter box
Electronics,high capacity tablet stand
Beauty,usb c face cleanser
Electronics,pro tablet stand
Kitchen,high capacity cutting board
Pets,smart pet camera
Pets,eco friendly dog shampoo
Electronics,stainless steel usb hub
Electronics,compact bluetooth tracker
Outdoors,solar patio string lights
Fashion,smart bracelet
Fashion,lightweight ankle boots
Fitness,solar resistance bands
Electronics,smart projector
Fitness,water bottle
Outdoors,pro portable fan
Baby,baby carrier
Office,rechargeable mechanical keyboard
Kitchen,cutting board
Kitchen,usb c kitchen scale
Home,portable laundry basket
Outdoors,usb c camp stove
Electronics,bluetooth capture card
Outdoors,wireless backpack
Beauty,pro facial steamer
Automotive,high capacity car air freshener
Fashion,plus leggings
Fashion,necklace
Electronics,compact webcam
Home,air purifier
Home,laser level
Fitness,waterproof pull up bar
Beauty,compact ice roller
Electronics,led microphone
Automotive,trunk organizer
Electronics,mini hdmi cable
Home,desk organizer
Beauty,usb c retinol serum
Electronics,wireless projector
Home,usb c smart light bulb
Fashion,travel ankle boots
Home,blanket
Kitchen,cookware set
Pets,waterproof pet brush
Pets,portable cat scratching post
Fitness,foldable water bottle
Kitchen,solar cast iron skillet
Outdoors,led portable fan
Electronics,bluetooth power bank
Fitness,pro kettlebell
Fitness,push up board
Beauty,lightweight hair dryer
Home,compact candle warmer
Fitness,eco friendly fitness tracker
Kitchen,high capacity toaster oven
Electronics,smart earbuds
Home,plus mirror
Baby,mini baby bath seat
Pets,compact dog harness
Office,solar printer
Fitness,yoga mat
Electronics,stainless steel mouse
Fashion,foldable puffer jacket
Office,smart whiteboard
Kitchen,electric air fryer
Beauty,jade roller
Fitness,usb c massage gun
Beauty,usb c facial roller
Fitness,rechargeable gym bag
Home,usb c humidifier
Outdoors,pro camp stove
Kitchen,electric lunch box
Pets,stainless steel dog bed
Fitness,wireless pull up bar
Kitchen,cast iron skillet
Beauty,foldable scalp massager
Office,printer
Electronics,compact laptop stand
Kitchen,solar waffle maker
Kitchen,mini air fryer
Automotive,electric led car lights
Kitchen,compact electric lunch box
Outdoors,beach umbrella
Outdoors,lightweight grill set
Office,pen set
Fitness,plus kettlebell
Home,wireless storage box
Automotive,travel phone mount
Fitness,usb c gym bag
Beauty,bluetooth ice roller
Fashion,high capacity necklace
Fitness,ab roller
Baby,bluetooth stroller
Fitness,travel treadmill
Beauty,high capacity nail drill
Electronics,usb c keyboard
Fashion,solar necklace
Kitchen,stainless steel panini press
Pets,wireless automatic feeder
Kitchen,lightweight knife set
Fashion,jewelry box
Fashion,electric tote bag
Pets,plus pet camera
Pets,slow feeder bowl
Electronics,high capacity wireless speaker
Pets,high capacity pet grooming kit
Baby,lightweight white noise machine
Pets,wireless dog collar
Baby,high capacity baby monitor
Electronics,led ring light
Fitness,electric massage gun
Fashion,crossbody bag
Fashion,wireless sneakers
Home,wireless laundry basket
Electronics,ring light
Beauty,compact electric toothbrush
Outdoors,travel pillow
Office,wireless monitor stand
Kitchen,wireless immersion blender
Pets,pro pet brush
Fitness,bluetooth yoga mat
Fashion,hat
Automotive,car wash kit
Fashion,rechargeable joggers
Automotive,eco friendly led car lights
Pets,dog collar
Outdoors,compact patio string lights
Fitness,eco friendly dumbbells
Fitness,electric protein shaker
Home,diffuser
Home,bluetooth desk organizer
Fashion,high capacity jewelry box
Office,led ergonomic chair
Electronics,waterproof camera tripod
Home,rechargeable heater
Baby,diaper bag
Electronics,rechargeable monitor
Beauty,pro face cleanser
Home,bluetooth blanket
Outdoors,plus patio string lights
Fitness,solar water bottle
Office,ergonomic chair
Electronics,waterproof dash cam
Pets,smart dog shampoo
Fashion,pro belt
Fitness,smart jump rope
Fashion,solar sneakers
Electronics,led camera tripod
Home,lightweight diffuser
Kitchen,dish rack
Electronics,high capacity capture card
Beauty,eco friendly facial roller
Beauty,mini makeup brush set
Baby,plus baby food maker
Electronics,usb c hdmi cable
Outdoors,portable sleeping bag
Pets,waterproof pet water fountain
Kitchen,knife set
Pets,usb c dog bed
Office,electric cable organizer
Home,eco friendly blanket
Beauty,electric laser hair removal
Outdoors,smart beach umbrella
Electronics,lightweight mouse
Office,wireless file cabinet
Fitness,stainless steel exercise bike
Kitchen,plus pressure cooker
Fitness,mini treadmill
Fitness,usb c weight lifting belt
Kitchen,pressure cooker
Office,usb c file cabinet
Kitchen,eco friendly knife set
Kitchen,stainless steel air fryer
Automotive,usb c tire pressure gauge
Home,pro laundry basket
Automotive,bluetooth car seat cover
Outdoors,compact picnic blanket
Beauty,portable hair dryer
Kitchen,wireless toaster oven
Beauty,wireless scalp massager
Office,lightweight desk lamp
Beauty,dermaplaning tool
Fashion,travel hoodie
Beauty,face cleanser
Home,waterproof cordless drill
Home,electric doorbell camera
Beauty,led face cleanser
Fashion,mini leggings
Pets,travel pet grooming kit
Outdoors,pro picnic blanket
Baby,white noise machine
Fashion,stainless steel crossbody bag
Outdoors,travel travel pillow
Pets,plus pet brush
Beauty,smart retinol serum
Kitchen,led dish rack
Outdoors,usb c tent
Pets,pet brush
Electronics,travel webcam
Fitness,wireless rowing machine
Fashion,lightweight puffer jacket
Office,solar mouse pad
Automotive,foldable windshield cover
Beauty,lightweight face mask
Outdoors,pro tent
Outdoors,bluetooth camp stove
Baby,bluetooth white noise machine
Outdoors,bug zapper
Outdoors,lightweight cooler bag
Automotive,waterproof tire pressure gauge
Fitness,compact exercise bike
Pets,smart automatic feeder
Kitchen,plus immersion blender
Kitchen,compact air fryer
Fashion,solar ankle boots
Electronics,eco friendly keyboard
Baby,waterproof baby monitor
Office,high capacity cable organizer
Home,lamp
Baby,wireless baby bath seat
Electronics,led charger
Baby,usb c crib mobile
Electronics,plus laptop stand
Baby,pro baby lounger
Fitness,usb c yoga mat
Fashion,watch
Office,pro whiteboard
Electronics,foldable ring light
Fitness,eco friendly protein shaker
Outdoors,wireless camping lantern
Beauty,led curling iron
Baby,rechargeable play mat
Pets,compact dog leash
Fashion,plus bracelet
Office,high capacity file cabinet
Pets,electric pet brush
Kitchen,lightweight cookware set
Automotive,lightweight phone mount
Pets,stainless steel cat tree
Home,high capacity humidifier
Beauty,serum
Kitchen,portable coffee grinder
Electronics,keyboard
Automotive,phone mount
Kitchen,pro microwave
Home,usb c storage box
Office,waterproof desk mat
Fitness,mini ankle weights
Outdoors,led carry on luggage
Fitness,high capacity kettlebell
Electronics,charger
Baby,rechargeable baby lounger
Electronics,power bank
Electronics,usb hub
Fashion,led crossbody bag
Office,led desk mat
Fitness,wireless dumbbells
Beauty,foldable nail drill
Kitchen,waterproof toaster oven
Beauty,compact retinol serum
Outdoors,portable bug zapper
Electronics,solar capture card
Fashion,portable watch
Fitness,rowing machine
Kitchen,blender
Automotive,bluetooth dash cam
Baby,baby bottle warmer
Office,rechargeable monitor stand
Home,waterproof robot vacuum
Fitness,electric jump rope
Electronics,compact usb hub
Electronics,waterproof microphone
Fitness,led gym bag
Electronics,bluetooth tracker
Kitchen,smart electric lunch box
Office,foldable monitor stand
Automotive,wireless dash cam
Beauty,facial roller
Baby,waterproof crib mobile
Fashion,usb c hoodie
Fashion,electric hoodie
Electronics,stainless steel microphone
Outdoors,smart hiking boots
Outdoors,foldable grill set
Fashion,foldable sling bag
Home,eco friendly doorbell camera
Fitness,exercise bike
Beauty,plus jade roller
Baby,baby lounger
Beauty,stainless steel hair straightener
Outdoors,high capacity travel pillow
Fashion,plus watch
Outdoors,bluetooth hiking boots
Kitchen,pro electric kettle
Home,waterproof doorbell camera
Electronics,led car charger
Outdoors,travel tent
Automotive,mini windshield cover
Baby,mini play mat
Fitness,electric foam roller
Outdoors,carry on luggage
Pets,pet nail clipper
Pets,plus pet stroller
Pets,pro dog car seat
Fashion,foldable wallet
Beauty,travel makeup brush set
Beauty,nail drill
Electronics,tablet stand
Kitchen,electric kettle
Electronics,earbuds
Beauty,eco friendly lip gloss
Kitchen,plus waffle maker
Kitchen,foldable food processor
Home,foldable fan
Outdoors,wireless grill set
Fashion,joggers
Beauty,smart hair dryer
Beauty,high capacity electric toothbrush
Beauty,pro scalp massager
Pets,electric dog shampoo
Automotive,lightweight car air freshener
Office,rechargeable pen set
Pets,solar dog leash
Fashion,smart puffer jacket
Kitchen,mini panini press
Fashion,bluetooth ring
Automotive,solar sun shade
Fashion,led thermal socks
Electronics,foldable webcam
Fashion,mini joggers
Fashion,led tote bag
Automotive,usb c jump starter
Electronics,wireless speaker
Fitness,bluetooth treadmill
Fashion,stainless steel sunglasses
Fitness,foam roller
Kitchen,rechargeable cookware set
Home,mini laser level
Home,smart air purifier
Beauty,compact jade roller
Kitchen,plus electric lunch box
Electronics,lightweight headphones
Fitness,solar smart scale
Automotive,pro trunk organizer
Outdoors,grill set
Electronics,foldable laptop stand
Home,cordless drill
Baby,baby monitor
Kitchen,bluetooth electric kettle
Fashion,stainless steel necklace
Kitchen,mini blender
Home,stainless steel smart plug
Office,usb c desk lamp
Home,high capacity smart light bulb
Beauty,pro serum
Pets,solar dog harness
Electronics,waterproof car charger
Electronics,foldable headphones
Baby,travel baby bottle warmer
Baby,stroller
Electronics,led tablet stand
Fitness,pro massage gun
Home,candle warmer
Fashion,smart sneakers
Kitchen,portable dish rack
Home,fan
Pets,dog car seat
Home,doorbell camera
Kitchen,plus panini press
Outdoors,usb c carry on luggage
Fashion,beanie
Kitchen,compact microwave
Outdoors,travel folding chair
Baby,plus white noise machine
Kitchen,high capacity electric lunch box
Home,stainless steel robot vacuum
Home,bluetooth laser level
Office,led notebook
Home,portable smart light bulb
Fitness,usb c ankle weights
Fashion,travel jewelry box
Outdoors,travel hammock
Fashion,usb c beanie
Baby,rechargeable baby bottle warmer
Baby,crib mobile
Pets,electric cat toy
Kitchen,pro milk frother
Beauty,led laser hair removal
Fashion,tote bag
Fashion,eco friendly crossbody bag
Fashion,travel sling bag
Pets,electric dog leash
Pets,litter box
Pets,portable pet water fountain
Beauty,usb c eyelash curler
Pets,eco friendly dog collar
Beauty,mini face cleanser
Outdoors,wireless cooler bag
Fashion,travel tote bag
Pets,portable dog bed
Office,high capacity ergonomic chair
Home,waterproof wall shelf
Fitness,ankle weights
Outdoors,solar portable fan
Kitchen,rechargeable microwave
Home,plus throw pillow
Beauty,waterproof face cleanser
Electronics,pro charger
Outdoors,high capacity sleeping bag
Pets,electric cat scratching post
Automotive,waterproof tire inflator
Home,led doorbell camera
Kitchen,waterproof storage jars
Fitness,high capacity ankle weights
Electronics,bluetooth microphone
Home,stainless steel fan
Electronics,pro ring light
Fitness,mini yoga mat
Beauty,laser hair removal
Electronics,foldable dash cam
Home,bluetooth heater
Kitchen,usb c dish rack
Fashion,electric watch
Baby,usb c baby bath seat
Office,usb c planner
Pets,rechargeable dog harness
Office,solar desk lamp
Beauty,pro curling iron
Kitchen,rechargeable kitchen scale
Office,whiteboard
Beauty,electric toothbrush
Office,cable organizer
Automotive,plus car air freshener
Home,high capacity laundry basket
Automotive,led roof cargo bag
Office,travel mouse pad
Fashion,sunglasses
Automotive,compact tire pressure gauge
Electronics,dash cam
Fitness,travel rowing machine
Outdoors,foldable carry on luggage
Fashion,high capacity thermal socks
Beauty,smart face mask
Home,travel fan
Outdoors,portable picnic blanket
Home,pro candle warmer
Kitchen,rechargeable storage jars
Home,laundry basket
Outdoors,rechargeable grill set
Office,compact mechanical keyboard
Kitchen,mini waffle maker
Home,portable lamp
Electronics,capture card
Automotive,wireless roof cargo bag
Fashion,sling bag
Baby,high capacity baby bath seat
Home,wireless smart light bulb
Pets,electric dog raincoat
Home,bluetooth robot vacuum
Beauty,pro laser hair removal
Home,plus robot vacuum
Pets,pro automatic feeder
Fitness,protein shaker
Baby,lightweight pacifier clip
Electronics,waterproof wireless speaker
Fashion,pro leggings
Automotive,smart trunk organizer
Home,smart cordless drill
Kitchen,bluetooth cast iron skillet
Automotive,roof cargo bag
Kitchen,toaster oven
Home,portable humidifier
Fitness,usb c exercise bike
Home,lightweight smart plug
Home,pro blanket
Fitness,bluetooth push up board
Pets,usb c cat toy
Fitness,led push up board
Automotive,car vacuum
Outdoors,plus folding chair
Automotive,compact car vacuum
Pets,dog shampoo
Baby,pro baby monitor
Home,bluetooth cordless drill
Fitness,smart scale
Beauty,retinol serum
Office,eco friendly standing desk
Fitness,stainless steel pull up bar
Electronics,plus projector
Outdoors,camping lantern
Fashion,lightweight hat
Baby,high capacity play mat
Fitness,travel foam roller
Home,portable blanket
Outdoors,bluetooth folding chair
Electronics,mouse
Electronics,high capacity ring light
Electronics,led headphones
Fashion,portable jewelry box
Electronics,lightweight smart watch
Electronics,waterproof projector
Baby,electric baby carrier
Automotive,portable trunk organizer
Home,eco friendly fan
Beauty,wireless hair straightener
Electronics,solar wireless speaker
Home,wall shelf
Electronics,plus dash cam
Baby,baby food maker
Baby,lightweight baby bottle warmer
Outdoors,portable folding chair
Fashion,bluetooth joggers
Office,compact notebook
Baby,plus stroller
Fashion,eco friendly sunglasses
Office,compact desk mat
Outdoors,portable travel pillow
Home,bluetooth throw pillow
Office,plus whiteboard
Electronics,solar smart watch
Pets,eco friendly pet nail clipper
Outdoors,lightweight tent
Home,rechargeable candle warmer
Automotive,solar car wash kit
Fitness,pro yoga mat
Home,smart light bulb
Fashion,portable sunglasses
Outdoors,bluetooth backpack
Electronics,usb c ring light
Office,desk mat
Kitchen,panini press
Automotive,wireless tire pressure gauge
Pets,waterproof dog car seat
Baby,rechargeable crib mobile
Fashion,eco friendly puffer jacket
Baby,eco friendly baby bottle warmer
Automotive,tire inflator
Kitchen,led air fryer
Fitness,eco friendly gym bag
Outdoors,foldable camping table
Beauty,lightweight electric toothbrush
Beauty,mini dermaplaning tool
Outdoors,camping table
Home,mirror
Kitchen,smart coffee grinder
Pets,pro pet stroller
Office,led standing desk
Home,pro throw pillow
Office,foldable file cabinet
Kitchen,milk frother
Automotive,portable tire pressure gauge
Outdoors,stainless steel beach umbrella
Office,planner
Beauty,foldable serum
Home,smart heater
Kitchen,eco friendly blender
Baby,plus baby lounger
Outdoors,hammock
Home,smart plug
Electronics,laptop stand
Baby,mini baby food maker
Fitness,plus ab roller
Automotive,smart car vacuum
Beauty,pro eyelash curler
Beauty,waterproof hair straightener
Electronics,eco friendly bluetooth tracker
Kitchen,eco friendly kitchen scale
Automotive,pro car vacuum
Fitness,weight lifting belt
Home,plus laser level
Office,plus notebook
Automotive,compact windshield cover
Outdoors,travel backpack
Electronics,bluetooth mouse
Electronics,portable webcam
Baby,lightweight baby bath seat
Home,travel blanket
Automotive,portable jump starter
Home,wireless diffuser
Electronics,bluetooth dash cam
Outdoors,patio string lights
Office,travel monitor stand
Pets,solar automatic feeder
Outdoors,waterproof sleeping bag
Outdoors,eco friendly hammock
Automotive,compact sun shade
Baby,electric play mat
Pets,high capacity litter box
Pets,stainless steel dog collar
Electronics,hdmi cable
Pets,automatic feeder
Pets,usb c dog harness
Fitness,bluetooth protein shaker
Automotive,stainless steel car wash kit
Baby,pacifier clip
Outdoors,waterproof camping table
Fashion,wireless necklace
Fashion,compact sunglasses
Fashion,lightweight sneakers
Pets,lightweight cat scratching post
Electronics,foldable keyboard
Fashion,leggings
Electronics,high capacity smart watch
Beauty,ice roller
Electronics,led laptop stand
Fitness,eco friendly ab roller
Beauty,mini jade roller
Pets,led litter box
Kitchen,compact cutting board
Electronics,eco friendly car charger
Beauty,travel eyelash curler
Automotive,smart led car lights
Pets,pet water fountain
Automotive,travel car wash kit
Fashion,wireless sling bag
Baby,pro pacifier clip
Baby,teething toy
Pets,foldable pet water fountain
Pets,eco friendly cat scratching post
Baby,portable baby food maker
Pets,wireless pet nail clipper
Office,solar whiteboard
Pets,solar cat tree
Beauty,high capacity lip gloss
Pets,wireless dog car seat
Pets,wireless slow feeder bowl
Home,pro smart plug
Outdoors,usb c hiking boots
Fashion,ring
Fitness,pro push up board
Home,high capacity desk organizer
Beauty,lightweight vitamin c serum
Pets,mini cat toy
Fitness,stainless steel massage gun
Outdoors,pro camping table
Outdoors,portable hammock
Pets,compact pet grooming kit
Beauty,makeup brush set
Fashion,rechargeable sneakers
Baby,portable diaper bag
Electronics,plus usb hub
Electronics,smart watch
Fashion,travel watch
Fitness,travel ankle weights
Kitchen,high capacity immersion blender
Kitchen,rechargeable milk frother
Electronics,eco friendly power bank
Home,humidifier
Beauty,led makeup brush set
Fitness,pull up bar
Beauty,hair straightener
Outdoors,usb c travel pillow
Fitness,lightweight ankle weights
Office,pro mouse pad
Outdoors,smart camping lantern
Baby,plus baby carrier
Electronics,foldable charger
Electronics,wireless hdmi cable
Office,mini desk lamp
Kitchen,solar cookware set
Outdoors,compact travel pillow
Home,mini diffuser
Kitchen,food processor
Electronics,smart keyboard
Electronics,projector
Home,throw pillow
Pets,high capacity pet water fountain
Electronics,electric capture card
Office,portable printer
Home,stainless steel cordless drill
Kitchen,wireless dish rack
Home,rechargeable security camera
Fashion,waterproof bracelet
Beauty,rechargeable facial steamer
Electronics,usb c dash cam
Pets,pet stroller
Electronics,rechargeable camera tripod
Fitness,wireless exercise bike
Office,mini whiteboard
Home,portable diffuser
Outdoors,led hammock
Outdoors,foldable tent
Office,compact pen set
Beauty,waterproof eyelash curler
Electronics,pro headphones
Pets,travel dog leash
Outdoors,folding chair
Electronics,waterproof laptop stand
Home,waterproof storage box
Automotive,plus tire inflator
Kitchen,foldable toaster oven
Pets,electric cat tree
Home,pro humidifier
Home,travel laser level
Beauty,plus laser hair removal
Electronics,solar earbuds
Home,mini mirror
Automotive,car trash can
Fashion,foldable hoodie
Fitness,bluetooth pull up bar
Fashion,wireless ring
Fitness,pro treadmill
Kitchen,lightweight food processor
Electronics,rechargeable charger
Fashion,mini hat
Electronics,usb c smart watch
Pets,compact dog raincoat
Automotive,travel tire inflator
Automotive,stainless steel steering wheel cover
Home,travel diffuser
Beauty,solar facial steamer
Outdoors,stainless steel camping lantern
Automotive,high capacity phone mount
Pets,solar dog bed
Office,desk lamp
Beauty,portable retinol serum
Home,wireless mirror
Pets,solar pet stroller
Pets,high capacity pet brush
Fashion,high capacity watch
Kitchen,stainless steel cutting board
Home,electric wall shelf
Beauty,mini hair straightener
Fashion,waterproof belt
Fitness,foldable smart scale
Beauty,vitamin c serum
Pets,cat toy
Home,portable desk organizer
Outdoors,backpack
Pets,solar pet camera
Fashion,stainless steel ankle boots
Baby,stainless steel baby lounger
Outdoors,smart portable fan
Automotive,mini phone mount
Pets,dog harness
Fashion,wireless tote bag
Fashion,eco friendly thermal socks
Baby,rechargeable white noise machine
Kitchen,solar microwave
Automotive,led sun shade
Fitness,electric resistance bands
Baby,bluetooth baby carrier
Fashion,waterproof beanie
Fitness,smart kettlebell
Fashion,wireless leggings
Outdoors,mini beach umbrella
Automotive,tire pressure gauge
Outdoors,portable carry on luggage
Office,lightweight standing desk
Kitchen,waterproof pressure cooker
Automotive,lightweight steering wheel cover
Kitchen,solar panini press
Automotive,sun shade
Electronics,monitor
Automotive,foldable car seat cover
Office,notebook
Electronics,compact smart watch
Automotive,steering wheel cover
Outdoors,waterproof picnic blanket
Pets,smart pet grooming kit
Outdoors,bluetooth beach umbrella
Fashion,hoodie
Home,compact desk organizer
Kitchen,wireless electric kettle
Electronics,solar monitor
Pets,usb c dog shampoo
Electronics,high capacity monitor
Automotive,led car vacuum
Outdoors,hiking boots
Pets,bluetooth pet camera
Electronics,portable projector
Fitness,gym bag
Automotive,compact jump starter
Pets,mini pet camera
Office,stainless steel file cabinet
Home,solar lamp
Beauty,foldable jade roller
Home,waterproof mirror
Home,bluetooth wall shelf
Baby,pro diaper bag
Home,waterproof security camera
Electronics,led usb hub
Fashion,foldable thermal socks
Beauty,hair dryer
Fashion,high capacity bracelet
Office,portable mouse pad
Pets,wireless pet water fountain
Fitness,stainless steel water bottle
Fitness,solar fitness tracker
Baby,lightweight stroller
Beauty,portable hair straightener
Home,storage box
Pets,rechargeable cat tree
Fitness,stainless steel ab roller
Fashion,smart hat
Kitchen,stainless steel coffee grinder
Baby,play mat
Baby,lightweight teething toy
Automotive,high capacity tire inflator
Fitness,fitness tracker
Pets,pet grooming kit
Automotive,jump starter
Beauty,led ice roller
Beauty,compact nail drill
Electronics,webcam
Kitchen,travel cast iron skillet
Pets,mini pet nail clipper
Baby,portable baby lounger
Fitness,smart fitness tracker
Fitness,rechargeable foam roller
Fitness,solar gym bag
Fitness,waterproof foam roller
Fashion,belt
Home,lightweight throw pillow
Beauty,electric face mask
